-- MySQL Script generated by MySQL Workbench
-- 06/25/17 20:50:01
-- Model: New Model    Version: 1.0
-- MySQL Workbench Forward Engineering

SET @OLD_UNIQUE_CHECKS=@@UNIQUE_CHECKS, UNIQUE_CHECKS=0;
SET @OLD_FOREIGN_KEY_CHECKS=@@FOREIGN_KEY_CHECKS, FOREIGN_KEY_CHECKS=0;
SET @OLD_SQL_MODE=@@SQL_MODE, SQL_MODE='TRADITIONAL,ALLOW_INVALID_DATES';

-- -----------------------------------------------------
-- Schema KIDFRIENDLY
-- -----------------------------------------------------
DROP SCHEMA IF EXISTS `KIDFRIENDLY` ;

-- -----------------------------------------------------
-- Schema KIDFRIENDLY
-- -----------------------------------------------------
CREATE SCHEMA IF NOT EXISTS `KIDFRIENDLY` DEFAULT CHARACTER SET utf8 ;
USE `KIDFRIENDLY` ;

-- -----------------------------------------------------
-- Table `KIDFRIENDLY`.`COUNTRY`
-- -----------------------------------------------------
DROP TABLE IF EXISTS `KIDFRIENDLY`.`COUNTRY` ;

CREATE TABLE IF NOT EXISTS `KIDFRIENDLY`.`COUNTRY` (
  `ID_COUNTRY` INT(11) NOT NULL AUTO_INCREMENT,
  `DES_COUNTRY` VARCHAR(100) NOT NULL,
  PRIMARY KEY (`ID_COUNTRY`))
ENGINE = InnoDB
DEFAULT CHARACTER SET = utf8;


-- -----------------------------------------------------
-- Table `KIDFRIENDLY`.`STATE`
-- -----------------------------------------------------
DROP TABLE IF EXISTS `KIDFRIENDLY`.`STATE` ;

CREATE TABLE IF NOT EXISTS `KIDFRIENDLY`.`STATE` (
  `ID_STATE` INT(11) NOT NULL AUTO_INCREMENT,
  `DES_STATE` VARCHAR(50) NOT NULL,
  `DES_SIGLA` VARCHAR(2) NOT NULL,
  `ID_COUNTRY` INT(11) NOT NULL,
  PRIMARY KEY (`ID_STATE`),
  INDEX `FK_COUNTRY_idx` (`ID_COUNTRY` ASC),
  CONSTRAINT `FK_COUNTRY`
    FOREIGN KEY (`ID_COUNTRY`)
    REFERENCES `KIDFRIENDLY`.`COUNTRY` (`ID_COUNTRY`)
    ON DELETE NO ACTION
    ON UPDATE NO ACTION)
ENGINE = InnoDB
DEFAULT CHARACTER SET = utf8;


-- -----------------------------------------------------
-- Table `KIDFRIENDLY`.`CITY`
-- -----------------------------------------------------
DROP TABLE IF EXISTS `KIDFRIENDLY`.`CITY` ;

CREATE TABLE IF NOT EXISTS `KIDFRIENDLY`.`CITY` (
  `ID_CITY` INT(11) NOT NULL AUTO_INCREMENT,
  `DES_CITY` VARCHAR(100) NOT NULL,
  `ID_STATE` INT(11) NOT NULL,
  PRIMARY KEY (`ID_CITY`),
  INDEX `FK_STATE_idx` (`ID_STATE` ASC),
  CONSTRAINT `FK_STATE`
    FOREIGN KEY (`ID_STATE`)
    REFERENCES `KIDFRIENDLY`.`STATE` (`ID_STATE`)
    ON DELETE NO ACTION
    ON UPDATE NO ACTION)
ENGINE = InnoDB
DEFAULT CHARACTER SET = utf8;


-- -----------------------------------------------------
-- Table `KIDFRIENDLY`.`ADDRESS`
-- -----------------------------------------------------
DROP TABLE IF EXISTS `KIDFRIENDLY`.`ADDRESS` ;

CREATE TABLE IF NOT EXISTS `KIDFRIENDLY`.`ADDRESS` (
  `ID_ADDRESS` BIGINT(20) NOT NULL AUTO_INCREMENT,
  `DES_STREET` VARCHAR(100) NOT NULL,
  `NUM_STREET` INT(11) NULL DEFAULT NULL,
  `DES_COMPLEMENT` VARCHAR(200) NULL DEFAULT NULL,
  `DES_NEIGHBORHOOD` VARCHAR(100) NOT NULL,
  `DES_CODE` VARCHAR(10) NOT NULL,
  `NUM_LONGITUDE` DOUBLE NOT NULL COMMENT 'Axis X',
  `NUM_LATITUDE` DOUBLE NOT NULL COMMENT 'Axis Y',
  `ID_CITY` INT(11) NOT NULL,
  PRIMARY KEY (`ID_ADDRESS`),
  INDEX `FK_CITY_ADDR_idx` (`ID_CITY` ASC),
  INDEX `GEO_LOCATION_idx` (`NUM_LONGITUDE` ASC, `NUM_LATITUDE` ASC),
  CONSTRAINT `FK_CITY_ADDR`
    FOREIGN KEY (`ID_CITY`)
    REFERENCES `KIDFRIENDLY`.`CITY` (`ID_CITY`)
    ON DELETE NO ACTION
    ON UPDATE NO ACTION)
ENGINE = InnoDB
DEFAULT CHARACTER SET = utf8;


-- -----------------------------------------------------
-- Table `KIDFRIENDLY`.`CATEGORY`
-- -----------------------------------------------------
DROP TABLE IF EXISTS `KIDFRIENDLY`.`CATEGORY` ;

CREATE TABLE IF NOT EXISTS `KIDFRIENDLY`.`CATEGORY` (
  `ID_CATEGORY` INT(11) NOT NULL AUTO_INCREMENT,
  `DES_CATEGORY` VARCHAR(100) NOT NULL,
  PRIMARY KEY (`ID_CATEGORY`))
ENGINE = InnoDB
DEFAULT CHARACTER SET = utf8;


-- -----------------------------------------------------
-- Table `KIDFRIENDLY`.`CHARACTERISTIC`
-- -----------------------------------------------------
DROP TABLE IF EXISTS `KIDFRIENDLY`.`CHARACTERISTIC` ;

CREATE TABLE IF NOT EXISTS `KIDFRIENDLY`.`CHARACTERISTIC` (
  `ID_CHARACTERISTIC` INT(11) NOT NULL AUTO_INCREMENT,
  `DES_CHARACTERISTIC` VARCHAR(100) NOT NULL,
  PRIMARY KEY (`ID_CHARACTERISTIC`))
ENGINE = InnoDB
DEFAULT CHARACTER SET = utf8;


-- -----------------------------------------------------
-- Table `KIDFRIENDLY`.`CATEGORY_CHARACTERISTIC`
-- -----------------------------------------------------
DROP TABLE IF EXISTS `KIDFRIENDLY`.`CATEGORY_CHARACTERISTIC` ;

CREATE TABLE IF NOT EXISTS `KIDFRIENDLY`.`CATEGORY_CHARACTERISTIC` (
  `ID_CATEGORY` INT(11) NOT NULL,
  `ID_CHARACTERISTIC` INT(11) NOT NULL,
  PRIMARY KEY (`ID_CATEGORY`, `ID_CHARACTERISTIC`),
  INDEX `FK_CHAR_CATE_idx` (`ID_CHARACTERISTIC` ASC),
  CONSTRAINT `FK_CATE_CHAR`
    FOREIGN KEY (`ID_CATEGORY`)
    REFERENCES `KIDFRIENDLY`.`CATEGORY` (`ID_CATEGORY`)
    ON DELETE NO ACTION
    ON UPDATE NO ACTION,
  CONSTRAINT `FK_CHAR_CATE`
    FOREIGN KEY (`ID_CHARACTERISTIC`)
    REFERENCES `KIDFRIENDLY`.`CHARACTERISTIC` (`ID_CHARACTERISTIC`)
    ON DELETE NO ACTION
    ON UPDATE NO ACTION)
ENGINE = InnoDB
DEFAULT CHARACTER SET = utf8;


-- -----------------------------------------------------
-- Table `KIDFRIENDLY`.`COMPANY`
-- -----------------------------------------------------
DROP TABLE IF EXISTS `KIDFRIENDLY`.`COMPANY` ;

CREATE TABLE IF NOT EXISTS `KIDFRIENDLY`.`COMPANY` (
  `ID_COMPANY` BIGINT(20) NOT NULL AUTO_INCREMENT,
  `DES_NAME` VARCHAR(300) NOT NULL,
  `DES_CNPJ` VARCHAR(14) NULL DEFAULT NULL,
  `DES_SITE` VARCHAR(100) NULL DEFAULT NULL,
  `IMG_LOGO` LONGBLOB NULL DEFAULT NULL,
  `MG_HOME` LONGBLOB NULL DEFAULT NULL,
  `NUM_RATE` SMALLINT(1) NULL DEFAULT NULL,
  `DT_REGISTER` DATETIME NOT NULL,
  `ST_ACTIVE` TINYINT(1) NOT NULL,
  `ST_HIGHLIGHT` TINYINT(1) NULL DEFAULT '0',
  `DES_NAME_RESPONSIBLE` VARCHAR(150) NULL DEFAULT NULL,
  `ID_ADDRESS` BIGINT(20) NULL DEFAULT NULL,
  PRIMARY KEY (`ID_COMPANY`),
  INDEX `DES_NAME_idx` (`DES_NAME` ASC),
  INDEX `FK_ADDR_COMP_idx` (`ID_ADDRESS` ASC),
  CONSTRAINT `FK_ADDR_COMP`
    FOREIGN KEY (`ID_ADDRESS`)
    REFERENCES `KIDFRIENDLY`.`ADDRESS` (`ID_ADDRESS`)
    ON DELETE NO ACTION
    ON UPDATE NO ACTION)
ENGINE = InnoDB
DEFAULT CHARACTER SET = utf8;


-- -----------------------------------------------------
-- Table `KIDFRIENDLY`.`COMPANY_CATEGORY_CHARACTERISTIC`
-- -----------------------------------------------------
DROP TABLE IF EXISTS `KIDFRIENDLY`.`COMPANY_CATEGORY_CHARACTERISTIC` ;

CREATE TABLE IF NOT EXISTS `KIDFRIENDLY`.`COMPANY_CATEGORY_CHARACTERISTIC` (
  `ID_COMPANY` BIGINT(20) NOT NULL,
  `ID_CATEGORY` INT(11) NOT NULL,
  `ID_CHARACTERISTIC` INT(11) NOT NULL,
  PRIMARY KEY (`ID_COMPANY`, `ID_CATEGORY`, `ID_CHARACTERISTIC`),
  INDEX `FK_CATE_CHAR_COMP_idx` (`ID_CATEGORY` ASC, `ID_CHARACTERISTIC` ASC),
  INDEX `FK_COMP_CATE_CHAR_idx` (`ID_COMPANY` ASC),
  CONSTRAINT `FK_CATE_CHAR_COMP`
    FOREIGN KEY (`ID_CATEGORY` , `ID_CHARACTERISTIC`)
    REFERENCES `KIDFRIENDLY`.`CATEGORY_CHARACTERISTIC` (`ID_CATEGORY` , `ID_CHARACTERISTIC`)
    ON DELETE NO ACTION
    ON UPDATE NO ACTION,
  CONSTRAINT `FK_COMP_CATE_CHAR`
    FOREIGN KEY (`ID_COMPANY`)
    REFERENCES `KIDFRIENDLY`.`COMPANY` (`ID_COMPANY`)
    ON DELETE NO ACTION
    ON UPDATE NO ACTION)
ENGINE = InnoDB
DEFAULT CHARACTER SET = utf8;


-- -----------------------------------------------------
-- Table `KIDFRIENDLY`.`FOOD_TYPE`
-- -----------------------------------------------------
DROP TABLE IF EXISTS `KIDFRIENDLY`.`FOOD_TYPE` ;

CREATE TABLE IF NOT EXISTS `KIDFRIENDLY`.`FOOD_TYPE` (
  `ID_FOOD_TYPE` BIGINT(20) NOT NULL AUTO_INCREMENT,
  `DS_FOOD_TYPE` VARCHAR(200) NOT NULL,
  PRIMARY KEY (`ID_FOOD_TYPE`))
ENGINE = InnoDB
DEFAULT CHARACTER SET = utf8;


-- -----------------------------------------------------
-- Table `KIDFRIENDLY`.`COMPANY_FOOD_TYPE`
-- -----------------------------------------------------
DROP TABLE IF EXISTS `KIDFRIENDLY`.`COMPANY_FOOD_TYPE` ;

CREATE TABLE IF NOT EXISTS `KIDFRIENDLY`.`COMPANY_FOOD_TYPE` (
  `ID_COMPANY` BIGINT(20) NOT NULL,
  `ID_FOOD_TYPE` BIGINT(20) NOT NULL,
  PRIMARY KEY (`ID_COMPANY`, `ID_FOOD_TYPE`),
  INDEX `FK_COMPANY_COMPANY_FOOD_TYPE_idx` (`ID_COMPANY` ASC),
  INDEX `FK_FOOD_TYPE_COMPANY_FOOD_TYPE_idx` (`ID_FOOD_TYPE` ASC),
  CONSTRAINT `FK_COMPANY_COMPANY_FOOD_TYPE`
    FOREIGN KEY (`ID_COMPANY`)
    REFERENCES `KIDFRIENDLY`.`COMPANY` (`ID_COMPANY`)
    ON DELETE NO ACTION
    ON UPDATE NO ACTION,
  CONSTRAINT `FK_FOOD_TYPE_COMPANY_FOOD_TYPE`
    FOREIGN KEY (`ID_FOOD_TYPE`)
    REFERENCES `KIDFRIENDLY`.`FOOD_TYPE` (`ID_FOOD_TYPE`)
    ON DELETE NO ACTION
    ON UPDATE NO ACTION)
ENGINE = InnoDB
DEFAULT CHARACTER SET = utf8;


-- -----------------------------------------------------
-- Table `KIDFRIENDLY`.`SCHEDULE`
-- -----------------------------------------------------
DROP TABLE IF EXISTS `KIDFRIENDLY`.`SCHEDULE` ;

CREATE TABLE IF NOT EXISTS `KIDFRIENDLY`.`SCHEDULE` (
  `ID_SCHEDULE` BIGINT(20) NOT NULL AUTO_INCREMENT,
  `DS_SCHEDULE` VARCHAR(15) NOT NULL,
  PRIMARY KEY (`ID_SCHEDULE`))
ENGINE = InnoDB
DEFAULT CHARACTER SET = utf8;


-- -----------------------------------------------------
-- Table `KIDFRIENDLY`.`WEEK`
-- -----------------------------------------------------
DROP TABLE IF EXISTS `KIDFRIENDLY`.`WEEK` ;

CREATE TABLE IF NOT EXISTS `KIDFRIENDLY`.`WEEK` (
  `ID_WEEK` BIGINT(20) NOT NULL,
  `DS_WEEK` VARCHAR(80) NOT NULL,
  PRIMARY KEY (`ID_WEEK`))
ENGINE = InnoDB
DEFAULT CHARACTER SET = utf8;


-- -----------------------------------------------------
-- Table `KIDFRIENDLY`.`COMPANY_WEEK_SCHEDULE`
-- -----------------------------------------------------
DROP TABLE IF EXISTS `KIDFRIENDLY`.`COMPANY_WEEK_SCHEDULE` ;

CREATE TABLE IF NOT EXISTS `KIDFRIENDLY`.`COMPANY_WEEK_SCHEDULE` (
  `ID_COMPANY` BIGINT(20) NOT NULL,
  `ID_WEEK` BIGINT(20) NOT NULL,
  `ID_SCHEDULE_INITIAL` BIGINT(20) NOT NULL,
  `ID_SCHEDULE_FINISH` BIGINT(20) NOT NULL,
  PRIMARY KEY (`ID_COMPANY`, `ID_WEEK`, `ID_SCHEDULE_INITIAL`, `ID_SCHEDULE_FINISH`),
  INDEX `FK_COMPANY_COMPANY_WEEK_SCHEDULE_idx` (`ID_COMPANY` ASC),
  INDEX `FK_WEEK_COMPANY_WEEK_SCHEDULE_idx` (`ID_WEEK` ASC),
  INDEX `FK_SCHEDULE_INITIAL_COMPANY_WEEK_SCHEDULE_idx` (`ID_SCHEDULE_INITIAL` ASC),
  INDEX `FK_SCHEDULE_FINISH_COMPANY_WEEK_SCHEDULE_idx` (`ID_SCHEDULE_FINISH` ASC),
  CONSTRAINT `FK_COMPANY_COMPANY_WEEK_SCHEDULE`
    FOREIGN KEY (`ID_COMPANY`)
    REFERENCES `KIDFRIENDLY`.`COMPANY` (`ID_COMPANY`)
    ON DELETE NO ACTION
    ON UPDATE NO ACTION,
  CONSTRAINT `FK_SCHEDULE_INITIAL_COMPANY_WEEK_SCHEDULE`
    FOREIGN KEY (`ID_SCHEDULE_INITIAL`)
    REFERENCES `KIDFRIENDLY`.`SCHEDULE` (`ID_SCHEDULE`)
    ON DELETE NO ACTION
    ON UPDATE NO ACTION,
  CONSTRAINT `FK_WEEK_COMPANY_WEEK_SCHEDULE`
    FOREIGN KEY (`ID_WEEK`)
    REFERENCES `KIDFRIENDLY`.`WEEK` (`ID_WEEK`)
    ON DELETE NO ACTION
    ON UPDATE NO ACTION,
  CONSTRAINT `FK_SCHEDULE_FINISH_COMPANY_WEEK_SCHEDULE`
    FOREIGN KEY (`ID_SCHEDULE_FINISH`)
    REFERENCES `KIDFRIENDLY`.`SCHEDULE` (`ID_SCHEDULE`)
    ON DELETE NO ACTION
    ON UPDATE NO ACTION)
ENGINE = InnoDB
DEFAULT CHARACTER SET = utf8;


-- -----------------------------------------------------
-- Table `KIDFRIENDLY`.`MARKETING_CONTRACT_OUTHER`
-- -----------------------------------------------------
DROP TABLE IF EXISTS `KIDFRIENDLY`.`MARKETING_CONTRACT_OUTHER` ;

CREATE TABLE IF NOT EXISTS `KIDFRIENDLY`.`MARKETING_CONTRACT_OUTHER` (
  `ID_MARKETING_CONTRACT_OUTHER` BIGINT(20) NOT NULL AUTO_INCREMENT,
  `VL_CONTRACT` DECIMAL(13,2) NOT NULL,
  `DES_CNPJ` VARCHAR(14) NOT NULL,
  `DT_INITIAL` DATETIME NOT NULL,
  `DT_FINISH` DATETIME NOT NULL,
  `ID_CATEGORY` INT(11) NOT NULL,
  `ID_CHARACTERISTIC` INT(11) NOT NULL,
  PRIMARY KEY (`ID_MARKETING_CONTRACT_OUTHER`),
  INDEX `FK_MARK_CONT_OUTH_CATE_CHAR_idx` (`ID_CATEGORY` ASC, `ID_CHARACTERISTIC` ASC),
  CONSTRAINT `FK_MARK_CONT_OUTH_CATE_CHAR`
    FOREIGN KEY (`ID_CATEGORY` , `ID_CHARACTERISTIC`)
    REFERENCES `KIDFRIENDLY`.`CATEGORY_CHARACTERISTIC` (`ID_CATEGORY` , `ID_CHARACTERISTIC`)
    ON DELETE NO ACTION
    ON UPDATE NO ACTION)
ENGINE = InnoDB
DEFAULT CHARACTER SET = utf8;


-- -----------------------------------------------------
-- Table `KIDFRIENDLY`.`STATUS_KIDFRIENDLY`
-- -----------------------------------------------------
DROP TABLE IF EXISTS `KIDFRIENDLY`.`STATUS_KIDFRIENDLY` ;

CREATE TABLE IF NOT EXISTS `KIDFRIENDLY`.`STATUS_KIDFRIENDLY` (
  `ID_STATUS_KIDFRIENDLY` SMALLINT(2) NOT NULL,
  `DES_STATUS_KIDFRIENDLY` VARCHAR(45) NOT NULL,
  PRIMARY KEY (`ID_STATUS_KIDFRIENDLY`))
ENGINE = InnoDB
DEFAULT CHARACTER SET = utf8;


-- -----------------------------------------------------
-- Table `KIDFRIENDLY`.`USER`
-- -----------------------------------------------------
DROP TABLE IF EXISTS `KIDFRIENDLY`.`USER` ;

CREATE TABLE IF NOT EXISTS `KIDFRIENDLY`.`USER` (
  `ID_USER` BIGINT(20) NOT NULL AUTO_INCREMENT,
  `DS_NAME` VARCHAR(150) NOT NULL,
  `MG_USER` LONGBLOB NULL DEFAULT NULL,
  `DS_GENDER` ENUM('M', 'F') NULL DEFAULT NULL,
  `DT_BIRTHDAY` DATE NULL DEFAULT NULL,
  `NM_CHILDREN` TINYINT(2) NULL DEFAULT 0,
  `ID_SOCIAL_NETWORK` BIGINT(20) NULL DEFAULT NULL,
  `ID_CITY` INT(11) NULL DEFAULT NULL,
  PRIMARY KEY (`ID_USER`),
  INDEX `FK_CITY_USER_idx` (`ID_CITY` ASC),
  INDEX `ID_SOCIAL_NETWORK_idx` (`ID_SOCIAL_NETWORK` ASC),
  CONSTRAINT `FK_CITY_USER`
    FOREIGN KEY (`ID_CITY`)
    REFERENCES `KIDFRIENDLY`.`CITY` (`ID_CITY`)
    ON DELETE NO ACTION
    ON UPDATE NO ACTION)
ENGINE = InnoDB
DEFAULT CHARACTER SET = utf8;


-- -----------------------------------------------------
-- Table `KIDFRIENDLY`.`RATING`
-- -----------------------------------------------------
DROP TABLE IF EXISTS `KIDFRIENDLY`.`RATING` ;

CREATE TABLE IF NOT EXISTS `KIDFRIENDLY`.`RATING` (
  `ID_RATING` BIGINT(20) NOT NULL AUTO_INCREMENT,
  `DT_RATING` DATETIME NOT NULL,
  `DES_RATING` VARCHAR(500) NOT NULL,
  `DES_ANSWER` VARCHAR(500) NULL DEFAULT NULL,
  `ST_ACTIVE` TINYINT(1) NOT NULL,
  `ST_DELETE` TINYINT(1) NOT NULL,
  `ID_COMPANY` BIGINT(20) NOT NULL,
  `ID_STATUS_KIDFRIENDLY` SMALLINT(2) NOT NULL,
  `ID_USER` BIGINT(20) NOT NULL,
  PRIMARY KEY (`ID_RATING`),
  INDEX `FK_COMP_RATI_idx` (`ID_COMPANY` ASC),
  INDEX `FK_STAT_KIDF_idx` (`ID_STATUS_KIDFRIENDLY` ASC),
  INDEX `FK_USES_RATI_idx` (`ID_USER` ASC),
  CONSTRAINT `FK_COMP_RATI`
    FOREIGN KEY (`ID_COMPANY`)
    REFERENCES `KIDFRIENDLY`.`COMPANY` (`ID_COMPANY`)
    ON DELETE NO ACTION
    ON UPDATE NO ACTION,
  CONSTRAINT `FK_STAT_KIDF`
    FOREIGN KEY (`ID_STATUS_KIDFRIENDLY`)
    REFERENCES `KIDFRIENDLY`.`STATUS_KIDFRIENDLY` (`ID_STATUS_KIDFRIENDLY`)
    ON DELETE NO ACTION
    ON UPDATE NO ACTION,
  CONSTRAINT `FK_USER_RATI`
    FOREIGN KEY (`ID_USER`)
    REFERENCES `KIDFRIENDLY`.`USER` (`ID_USER`)
    ON DELETE NO ACTION
    ON UPDATE NO ACTION)
ENGINE = InnoDB
DEFAULT CHARACTER SET = utf8;


-- -----------------------------------------------------
-- Table `KIDFRIENDLY`.`IMAGE`
-- -----------------------------------------------------
DROP TABLE IF EXISTS `KIDFRIENDLY`.`IMAGE` ;

CREATE TABLE IF NOT EXISTS `KIDFRIENDLY`.`IMAGE` (
  `ID_IMAGE` BIGINT(20) NOT NULL AUTO_INCREMENT,
  `IMG_IMAGE` LONGBLOB NOT NULL,
  `DES_IMAGE` VARCHAR(100) NULL DEFAULT NULL,
  `ID_COMPANY` BIGINT(20) NULL DEFAULT NULL,
  `ID_RATING` BIGINT(20) NULL DEFAULT NULL,
  `ID_MARKETING_CONTRACT_OUTHER` BIGINT(20) NULL DEFAULT NULL,
  PRIMARY KEY (`ID_IMAGE`),
  INDEX `FK_COMP_IMA_idx` (`ID_COMPANY` ASC),
  INDEX `FK_RATI_IMA_idx` (`ID_RATING` ASC),
  INDEX `FK_MARK_CONT_OUTH_idx` (`ID_MARKETING_CONTRACT_OUTHER` ASC),
  CONSTRAINT `FK_COMP_IMA`
    FOREIGN KEY (`ID_COMPANY`)
    REFERENCES `KIDFRIENDLY`.`COMPANY` (`ID_COMPANY`)
    ON DELETE NO ACTION
    ON UPDATE NO ACTION,
  CONSTRAINT `FK_MARK_CONT_OUTH`
    FOREIGN KEY (`ID_MARKETING_CONTRACT_OUTHER`)
    REFERENCES `KIDFRIENDLY`.`MARKETING_CONTRACT_OUTHER` (`ID_MARKETING_CONTRACT_OUTHER`)
    ON DELETE NO ACTION
    ON UPDATE NO ACTION,
  CONSTRAINT `FK_RATI_IMA`
    FOREIGN KEY (`ID_RATING`)
    REFERENCES `KIDFRIENDLY`.`RATING` (`ID_RATING`)
    ON DELETE NO ACTION
    ON UPDATE NO ACTION)
ENGINE = InnoDB
DEFAULT CHARACTER SET = utf8;


-- -----------------------------------------------------
-- Table `KIDFRIENDLY`.`INDICATE_COMPANY`
-- -----------------------------------------------------
DROP TABLE IF EXISTS `KIDFRIENDLY`.`INDICATE_COMPANY` ;

CREATE TABLE IF NOT EXISTS `KIDFRIENDLY`.`INDICATE_COMPANY` (
  `ID_INDICATE_COMPANY` BIGINT(20) NOT NULL AUTO_INCREMENT,
  `DS_NAME` VARCHAR(300) NOT NULL,
  `LK_SITE` VARCHAR(100) NULL DEFAULT NULL,
  `DS_ADDRESS` VARCHAR(500) NOT NULL,
  `ID_USER` BIGINT(20) NOT NULL,
  PRIMARY KEY (`ID_INDICATE_COMPANY`),
  INDEX `FK_USER_INDICATE_COMPANY_idx` (`ID_USER` ASC),
  CONSTRAINT `FK_USER_INDICATE_COMPANY`
    FOREIGN KEY (`ID_USER`)
    REFERENCES `KIDFRIENDLY`.`USER` (`ID_USER`)
    ON DELETE NO ACTION
    ON UPDATE NO ACTION)
ENGINE = InnoDB
DEFAULT CHARACTER SET = utf8;


-- -----------------------------------------------------
-- Table `KIDFRIENDLY`.`LOGIN`
-- -----------------------------------------------------
DROP TABLE IF EXISTS `KIDFRIENDLY`.`LOGIN` ;

CREATE TABLE IF NOT EXISTS `KIDFRIENDLY`.`LOGIN` (
  `ID_LOGIN` VARCHAR(150) NOT NULL,
  `DES_PASSWORD` VARCHAR(64) NOT NULL,
  `ST_ACTIVE` TINYINT(1) NOT NULL,
  `ID_USER` BIGINT(20) NULL DEFAULT NULL,
  `ID_COMPANY` BIGINT(20) NULL DEFAULT NULL,
  PRIMARY KEY (`ID_LOGIN`),
  INDEX `FK_USER_LOGI_idx` (`ID_USER` ASC),
  INDEX `FK_COMP_LOGI_idx` (`ID_COMPANY` ASC),
  CONSTRAINT `FK_COMP_LOGI`
    FOREIGN KEY (`ID_COMPANY`)
    REFERENCES `KIDFRIENDLY`.`COMPANY` (`ID_COMPANY`)
    ON DELETE NO ACTION
    ON UPDATE NO ACTION,
  CONSTRAINT `FK_USER_LOGI`
    FOREIGN KEY (`ID_USER`)
    REFERENCES `KIDFRIENDLY`.`USER` (`ID_USER`)
    ON DELETE NO ACTION
    ON UPDATE NO ACTION)
ENGINE = InnoDB
DEFAULT CHARACTER SET = utf8;


-- -----------------------------------------------------
-- Table `KIDFRIENDLY`.`MARKETING_COMPANY_SALES`
-- -----------------------------------------------------
DROP TABLE IF EXISTS `KIDFRIENDLY`.`MARKETING_COMPANY_SALES` ;

CREATE TABLE IF NOT EXISTS `KIDFRIENDLY`.`MARKETING_COMPANY_SALES` (
  `ID_MARKETING_COMPANY_SALES` BIGINT(20) NOT NULL AUTO_INCREMENT,
  `VL_CONTRACT` DECIMAL(13,2) NOT NULL,
  `DT_INITIAL` DATETIME NOT NULL,
  `DT_FINISH` DATETIME NOT NULL,
  `ID_COMPANY` BIGINT(20) NOT NULL,
  PRIMARY KEY (`ID_MARKETING_COMPANY_SALES`),
  INDEX `FK_MARK_COMP_SALE_idx` (`ID_COMPANY` ASC),
  CONSTRAINT `FK_MARK_COMP_SALE`
    FOREIGN KEY (`ID_COMPANY`)
    REFERENCES `KIDFRIENDLY`.`COMPANY` (`ID_COMPANY`)
    ON DELETE NO ACTION
    ON UPDATE NO ACTION)
ENGINE = InnoDB
DEFAULT CHARACTER SET = utf8;


-- -----------------------------------------------------
-- Table `KIDFRIENDLY`.`PHONE`
-- -----------------------------------------------------
DROP TABLE IF EXISTS `KIDFRIENDLY`.`PHONE` ;

CREATE TABLE IF NOT EXISTS `KIDFRIENDLY`.`PHONE` (
  `ID_PHONE` INT(11) NOT NULL AUTO_INCREMENT,
  `NUM_TYPE_PHONE` SMALLINT(1) NOT NULL,
  `NUM_PHONE` VARCHAR(15) NOT NULL,
  `ID_COMPANY` BIGINT(20) NOT NULL,
  PRIMARY KEY (`ID_PHONE`),
  INDEX `FK_COMPANY_PHONE_idx` (`ID_COMPANY` ASC),
  CONSTRAINT `FK_COMPANY_PHONE`
    FOREIGN KEY (`ID_COMPANY`)
    REFERENCES `KIDFRIENDLY`.`COMPANY` (`ID_COMPANY`)
    ON DELETE NO ACTION
    ON UPDATE NO ACTION)
ENGINE = InnoDB
DEFAULT CHARACTER SET = utf8;


SET SQL_MODE=@OLD_SQL_MODE;
SET FOREIGN_KEY_CHECKS=@OLD_FOREIGN_KEY_CHECKS;
SET UNIQUE_CHECKS=@OLD_UNIQUE_CHECKS;

INSERT INTO `KIDFRIENDLY`.`COUNTRY` VALUES(NULL,'Brasil');
INSERT INTO `KIDFRIENDLY`.`STATE` VALUES(NULL,'Acre','AC',1);
INSERT INTO `KIDFRIENDLY`.`STATE` VALUES(NULL,'Alagoas','AL',1);	 
INSERT INTO `KIDFRIENDLY`.`STATE` VALUES(NULL,'Amapá','AP',1);
INSERT INTO `KIDFRIENDLY`.`STATE` VALUES(NULL,'Amazonas','AM',1);
INSERT INTO `KIDFRIENDLY`.`STATE` VALUES(NULL,'Bahia','BA',1);
INSERT INTO `KIDFRIENDLY`.`STATE` VALUES(NULL,'Ceará','CE',1);
INSERT INTO `KIDFRIENDLY`.`STATE` VALUES(NULL,'Distrito Federal','DF',1);
INSERT INTO `KIDFRIENDLY`.`STATE` VALUES(NULL,'Espírito Santo','ES',1);
INSERT INTO `KIDFRIENDLY`.`STATE` VALUES(NULL,'Goiás','GO',1);
INSERT INTO `KIDFRIENDLY`.`STATE` VALUES(NULL,'Maranhão','MA',1);
INSERT INTO `KIDFRIENDLY`.`STATE` VALUES(NULL,'Mato Grosso','MT',1);
INSERT INTO `KIDFRIENDLY`.`STATE` VALUES(NULL,'Mato Grosso do Sul','MS',1);
INSERT INTO `KIDFRIENDLY`.`STATE` VALUES(NULL,'Minas Gerais','MG',1);
INSERT INTO `KIDFRIENDLY`.`STATE` VALUES(NULL,'Pará','PA',1);
INSERT INTO `KIDFRIENDLY`.`STATE` VALUES(NULL,'Paraíba','PB',1);
INSERT INTO `KIDFRIENDLY`.`STATE` VALUES(NULL,'Paraná','PR',1);
INSERT INTO `KIDFRIENDLY`.`STATE` VALUES(NULL,'Pernambuco','PE',1);
INSERT INTO `KIDFRIENDLY`.`STATE` VALUES(NULL,'Piauí','PI',1);
INSERT INTO `KIDFRIENDLY`.`STATE` VALUES(NULL,'Rio de Janeiro','RJ',1);
INSERT INTO `KIDFRIENDLY`.`STATE` VALUES(NULL,'Rio Grande do Norte','RN',1);
INSERT INTO `KIDFRIENDLY`.`STATE` VALUES(NULL,'Rio Grande do Sul','RS',1);
INSERT INTO `KIDFRIENDLY`.`STATE` VALUES(NULL,'Rondônia','RO',1);
INSERT INTO `KIDFRIENDLY`.`STATE` VALUES(NULL,'Roraima','RR',1);
INSERT INTO `KIDFRIENDLY`.`STATE` VALUES(NULL,'Santa Catarina','SC',1);
INSERT INTO `KIDFRIENDLY`.`STATE` VALUES(NULL,'São Paulo','SP',1);
INSERT INTO `KIDFRIENDLY`.`STATE` VALUES(NULL,'Sergipe','SE',1);
INSERT INTO `KIDFRIENDLY`.`STATE` VALUES(NULL,'Tocantins','TO',1);
INSERT INTO `KIDFRIENDLY`.`CITY` VALUES(NULL,'Brasília',7);
INSERT INTO `KIDFRIENDLY`.`CATEGORY` (`ID_CATEGORY`, `DES_CATEGORY`) VALUES ('1', 'Restaurante');
INSERT INTO `KIDFRIENDLY`.`CATEGORY` (`ID_CATEGORY`, `DES_CATEGORY`) VALUES ('2', 'Hotel');
INSERT INTO `KIDFRIENDLY`.`CATEGORY` (`ID_CATEGORY`, `DES_CATEGORY`) VALUES ('3', 'Passeio');
INSERT INTO `KIDFRIENDLY`.`CHARACTERISTIC` (`ID_CHARACTERISTIC`, `DES_CHARACTERISTIC`) VALUES ('1', 'Arte com balão');
INSERT INTO `KIDFRIENDLY`.`CHARACTERISTIC` (`ID_CHARACTERISTIC`, `DES_CHARACTERISTIC`) VALUES ('2', 'Atividades monitoradas');
INSERT INTO `KIDFRIENDLY`.`CHARACTERISTIC` (`ID_CHARACTERISTIC`, `DES_CHARACTERISTIC`) VALUES ('3', 'Brinquedoteca');
INSERT INTO `KIDFRIENDLY`.`CHARACTERISTIC` (`ID_CHARACTERISTIC`, `DES_CHARACTERISTIC`) VALUES ('4', 'Brinquedos educativos');
INSERT INTO `KIDFRIENDLY`.`CHARACTERISTIC` (`ID_CHARACTERISTIC`, `DES_CHARACTERISTIC`) VALUES ('5', 'Brinquedão');
INSERT INTO `KIDFRIENDLY`.`CHARACTERISTIC` (`ID_CHARACTERISTIC`, `DES_CHARACTERISTIC`) VALUES ('6', 'Cama de elástico');
INSERT INTO `KIDFRIENDLY`.`CHARACTERISTIC` (`ID_CHARACTERISTIC`, `DES_CHARACTERISTIC`) VALUES ('7', 'Casinha de brinquedo');
INSERT INTO `KIDFRIENDLY`.`CHARACTERISTIC` (`ID_CHARACTERISTIC`, `DES_CHARACTERISTIC`) VALUES ('8', 'Material para desenho');
INSERT INTO `KIDFRIENDLY`.`CHARACTERISTIC` (`ID_CHARACTERISTIC`, `DES_CHARACTERISTIC`) VALUES ('9', 'Monitor');
INSERT INTO `KIDFRIENDLY`.`CHARACTERISTIC` (`ID_CHARACTERISTIC`, `DES_CHARACTERISTIC`) VALUES ('10', 'Parquinho');
INSERT INTO `KIDFRIENDLY`.`CHARACTERISTIC` (`ID_CHARACTERISTIC`, `DES_CHARACTERISTIC`) VALUES ('11', 'Pintura de rosto');
INSERT INTO `KIDFRIENDLY`.`CHARACTERISTIC` (`ID_CHARACTERISTIC`, `DES_CHARACTERISTIC`) VALUES ('12', 'Piscina de bolinha');
INSERT INTO `KIDFRIENDLY`.`CHARACTERISTIC` (`ID_CHARACTERISTIC`, `DES_CHARACTERISTIC`) VALUES ('13', 'Tatuagem de henna');
INSERT INTO `KIDFRIENDLY`.`CHARACTERISTIC` (`ID_CHARACTERISTIC`, `DES_CHARACTERISTIC`) VALUES ('14', 'Vídeo game');
INSERT INTO `KIDFRIENDLY`.`CHARACTERISTIC` (`ID_CHARACTERISTIC`, `DES_CHARACTERISTIC`) VALUES ('15', 'Acessibilidade para carrinho');
INSERT INTO `KIDFRIENDLY`.`CHARACTERISTIC` (`ID_CHARACTERISTIC`, `DES_CHARACTERISTIC`) VALUES ('16', 'Ambiente limpo');
INSERT INTO `KIDFRIENDLY`.`CHARACTERISTIC` (`ID_CHARACTERISTIC`, `DES_CHARACTERISTIC`) VALUES ('17', 'Banheiro família');
INSERT INTO `KIDFRIENDLY`.`CHARACTERISTIC` (`ID_CHARACTERISTIC`, `DES_CHARACTERISTIC`) VALUES ('18', 'Banheiro infantil');
INSERT INTO `KIDFRIENDLY`.`CHARACTERISTIC` (`ID_CHARACTERISTIC`, `DES_CHARACTERISTIC`) VALUES ('19', 'Cadeirinha para criança');
INSERT INTO `KIDFRIENDLY`.`CHARACTERISTIC` (`ID_CHARACTERISTIC`, `DES_CHARACTERISTIC`) VALUES ('20', 'Cadeirão para bebê');
INSERT INTO `KIDFRIENDLY`.`CHARACTERISTIC` (`ID_CHARACTERISTIC`, `DES_CHARACTERISTIC`) VALUES ('21', 'Copos de plástico');
INSERT INTO `KIDFRIENDLY`.`CHARACTERISTIC` (`ID_CHARACTERISTIC`, `DES_CHARACTERISTIC`) VALUES ('22', 'Fraldário');
INSERT INTO `KIDFRIENDLY`.`CHARACTERISTIC` (`ID_CHARACTERISTIC`, `DES_CHARACTERISTIC`) VALUES ('23', 'Garçons e/ou atendentes cordiais');
INSERT INTO `KIDFRIENDLY`.`CHARACTERISTIC` (`ID_CHARACTERISTIC`, `DES_CHARACTERISTIC`) VALUES ('24', 'Menu Kids');
INSERT INTO `KIDFRIENDLY`.`CHARACTERISTIC` (`ID_CHARACTERISTIC`, `DES_CHARACTERISTIC`) VALUES ('25', 'Papinha para bebê');
INSERT INTO `KIDFRIENDLY`.`CHARACTERISTIC` (`ID_CHARACTERISTIC`, `DES_CHARACTERISTIC`) VALUES ('26', 'Talheres pequenos');
INSERT INTO `KIDFRIENDLY`.`CHARACTERISTIC` (`ID_CHARACTERISTIC`, `DES_CHARACTERISTIC`) VALUES ('27', 'Trocador em banheiro comum');
INSERT INTO `KIDFRIENDLY`.`CHARACTERISTIC` (`ID_CHARACTERISTIC`, `DES_CHARACTERISTIC`) VALUES ('28', 'Arvorismo');
INSERT INTO `KIDFRIENDLY`.`CHARACTERISTIC` (`ID_CHARACTERISTIC`, `DES_CHARACTERISTIC`) VALUES ('29', 'Passeio de charrete');
INSERT INTO `KIDFRIENDLY`.`CHARACTERISTIC` (`ID_CHARACTERISTIC`, `DES_CHARACTERISTIC`) VALUES ('30', 'Passeio à cavalo/ponnei');
INSERT INTO `KIDFRIENDLY`.`CHARACTERISTIC` (`ID_CHARACTERISTIC`, `DES_CHARACTERISTIC`) VALUES ('31', 'Piscina infantil');
INSERT INTO `KIDFRIENDLY`.`CHARACTERISTIC` (`ID_CHARACTERISTIC`, `DES_CHARACTERISTIC`) VALUES ('32', 'Piscina aquecida');
INSERT INTO `KIDFRIENDLY`.`CHARACTERISTIC` (`ID_CHARACTERISTIC`, `DES_CHARACTERISTIC`) VALUES ('33', 'Tirolesa');
INSERT INTO `KIDFRIENDLY`.`CHARACTERISTIC` (`ID_CHARACTERISTIC`, `DES_CHARACTERISTIC`) VALUES ('34', 'Banheira para bebê');
INSERT INTO `KIDFRIENDLY`.`CHARACTERISTIC` (`ID_CHARACTERISTIC`, `DES_CHARACTERISTIC`) VALUES ('35', 'Berço (normal ou camping)');
INSERT INTO `KIDFRIENDLY`.`CHARACTERISTIC` (`ID_CHARACTERISTIC`, `DES_CHARACTERISTIC`) VALUES ('36', 'Copa completa');
INSERT INTO `KIDFRIENDLY`.`CHARACTERISTIC` (`ID_CHARACTERISTIC`, `DES_CHARACTERISTIC`) VALUES ('37', 'DVD no quarto');
INSERT INTO `KIDFRIENDLY`.`CHARACTERISTIC` (`ID_CHARACTERISTIC`, `DES_CHARACTERISTIC`) VALUES ('38', 'Elevador');
INSERT INTO `KIDFRIENDLY`.`CHARACTERISTIC` (`ID_CHARACTERISTIC`, `DES_CHARACTERISTIC`) VALUES ('39', 'Frigobar');
INSERT INTO `KIDFRIENDLY`.`CHARACTERISTIC` (`ID_CHARACTERISTIC`, `DES_CHARACTERISTIC`) VALUES ('40', 'Isolamento acústico no quarto');
INSERT INTO `KIDFRIENDLY`.`CHARACTERISTIC` (`ID_CHARACTERISTIC`, `DES_CHARACTERISTIC`) VALUES ('41', 'Micro-ondas no quarto');
INSERT INTO `KIDFRIENDLY`.`CHARACTERISTIC` (`ID_CHARACTERISTIC`, `DES_CHARACTERISTIC`) VALUES ('42', 'Mosquiteiro');
INSERT INTO `KIDFRIENDLY`.`CHARACTERISTIC` (`ID_CHARACTERISTIC`, `DES_CHARACTERISTIC`) VALUES ('43', 'Televisão à cabo');
INSERT INTO `KIDFRIENDLY`.`CATEGORY_CHARACTERISTIC` (`ID_CATEGORY`, `ID_CHARACTERISTIC`) VALUES ('1', '1');
INSERT INTO `KIDFRIENDLY`.`CATEGORY_CHARACTERISTIC` (`ID_CATEGORY`, `ID_CHARACTERISTIC`) VALUES ('1', '2');
INSERT INTO `KIDFRIENDLY`.`CATEGORY_CHARACTERISTIC` (`ID_CATEGORY`, `ID_CHARACTERISTIC`) VALUES ('1', '3');
INSERT INTO `KIDFRIENDLY`.`CATEGORY_CHARACTERISTIC` (`ID_CATEGORY`, `ID_CHARACTERISTIC`) VALUES ('1', '4');
INSERT INTO `KIDFRIENDLY`.`CATEGORY_CHARACTERISTIC` (`ID_CATEGORY`, `ID_CHARACTERISTIC`) VALUES ('1', '5');
INSERT INTO `KIDFRIENDLY`.`CATEGORY_CHARACTERISTIC` (`ID_CATEGORY`, `ID_CHARACTERISTIC`) VALUES ('1', '6');
INSERT INTO `KIDFRIENDLY`.`CATEGORY_CHARACTERISTIC` (`ID_CATEGORY`, `ID_CHARACTERISTIC`) VALUES ('1', '7');
INSERT INTO `KIDFRIENDLY`.`CATEGORY_CHARACTERISTIC` (`ID_CATEGORY`, `ID_CHARACTERISTIC`) VALUES ('1', '8');
INSERT INTO `KIDFRIENDLY`.`CATEGORY_CHARACTERISTIC` (`ID_CATEGORY`, `ID_CHARACTERISTIC`) VALUES ('1', '9');
INSERT INTO `KIDFRIENDLY`.`CATEGORY_CHARACTERISTIC` (`ID_CATEGORY`, `ID_CHARACTERISTIC`) VALUES ('1', '10');
INSERT INTO `KIDFRIENDLY`.`CATEGORY_CHARACTERISTIC` (`ID_CATEGORY`, `ID_CHARACTERISTIC`) VALUES ('1', '11');
INSERT INTO `KIDFRIENDLY`.`CATEGORY_CHARACTERISTIC` (`ID_CATEGORY`, `ID_CHARACTERISTIC`) VALUES ('1', '12');
INSERT INTO `KIDFRIENDLY`.`CATEGORY_CHARACTERISTIC` (`ID_CATEGORY`, `ID_CHARACTERISTIC`) VALUES ('1', '13');
INSERT INTO `KIDFRIENDLY`.`CATEGORY_CHARACTERISTIC` (`ID_CATEGORY`, `ID_CHARACTERISTIC`) VALUES ('1', '14');
INSERT INTO `KIDFRIENDLY`.`CATEGORY_CHARACTERISTIC` (`ID_CATEGORY`, `ID_CHARACTERISTIC`) VALUES ('1', '15');
INSERT INTO `KIDFRIENDLY`.`CATEGORY_CHARACTERISTIC` (`ID_CATEGORY`, `ID_CHARACTERISTIC`) VALUES ('1', '16');
INSERT INTO `KIDFRIENDLY`.`CATEGORY_CHARACTERISTIC` (`ID_CATEGORY`, `ID_CHARACTERISTIC`) VALUES ('1', '17');
INSERT INTO `KIDFRIENDLY`.`CATEGORY_CHARACTERISTIC` (`ID_CATEGORY`, `ID_CHARACTERISTIC`) VALUES ('1', '18');
INSERT INTO `KIDFRIENDLY`.`CATEGORY_CHARACTERISTIC` (`ID_CATEGORY`, `ID_CHARACTERISTIC`) VALUES ('1', '19');
INSERT INTO `KIDFRIENDLY`.`CATEGORY_CHARACTERISTIC` (`ID_CATEGORY`, `ID_CHARACTERISTIC`) VALUES ('1', '20');
INSERT INTO `KIDFRIENDLY`.`CATEGORY_CHARACTERISTIC` (`ID_CATEGORY`, `ID_CHARACTERISTIC`) VALUES ('1', '21');
INSERT INTO `KIDFRIENDLY`.`CATEGORY_CHARACTERISTIC` (`ID_CATEGORY`, `ID_CHARACTERISTIC`) VALUES ('1', '22');
INSERT INTO `KIDFRIENDLY`.`CATEGORY_CHARACTERISTIC` (`ID_CATEGORY`, `ID_CHARACTERISTIC`) VALUES ('1', '23');
INSERT INTO `KIDFRIENDLY`.`CATEGORY_CHARACTERISTIC` (`ID_CATEGORY`, `ID_CHARACTERISTIC`) VALUES ('1', '24');
INSERT INTO `KIDFRIENDLY`.`CATEGORY_CHARACTERISTIC` (`ID_CATEGORY`, `ID_CHARACTERISTIC`) VALUES ('1', '25');
INSERT INTO `KIDFRIENDLY`.`CATEGORY_CHARACTERISTIC` (`ID_CATEGORY`, `ID_CHARACTERISTIC`) VALUES ('1', '26');
INSERT INTO `KIDFRIENDLY`.`CATEGORY_CHARACTERISTIC` (`ID_CATEGORY`, `ID_CHARACTERISTIC`) VALUES ('1', '27');
INSERT INTO `KIDFRIENDLY`.`CATEGORY_CHARACTERISTIC` (`ID_CATEGORY`, `ID_CHARACTERISTIC`) VALUES ('2', '1');
INSERT INTO `KIDFRIENDLY`.`CATEGORY_CHARACTERISTIC` (`ID_CATEGORY`, `ID_CHARACTERISTIC`) VALUES ('2', '28');
INSERT INTO `KIDFRIENDLY`.`CATEGORY_CHARACTERISTIC` (`ID_CATEGORY`, `ID_CHARACTERISTIC`) VALUES ('2', '2');
INSERT INTO `KIDFRIENDLY`.`CATEGORY_CHARACTERISTIC` (`ID_CATEGORY`, `ID_CHARACTERISTIC`) VALUES ('2', '3');
INSERT INTO `KIDFRIENDLY`.`CATEGORY_CHARACTERISTIC` (`ID_CATEGORY`, `ID_CHARACTERISTIC`) VALUES ('2', '4');
INSERT INTO `KIDFRIENDLY`.`CATEGORY_CHARACTERISTIC` (`ID_CATEGORY`, `ID_CHARACTERISTIC`) VALUES ('2', '5');
INSERT INTO `KIDFRIENDLY`.`CATEGORY_CHARACTERISTIC` (`ID_CATEGORY`, `ID_CHARACTERISTIC`) VALUES ('2', '6');
INSERT INTO `KIDFRIENDLY`.`CATEGORY_CHARACTERISTIC` (`ID_CATEGORY`, `ID_CHARACTERISTIC`) VALUES ('2', '7');
INSERT INTO `KIDFRIENDLY`.`CATEGORY_CHARACTERISTIC` (`ID_CATEGORY`, `ID_CHARACTERISTIC`) VALUES ('2', '8');
INSERT INTO `KIDFRIENDLY`.`CATEGORY_CHARACTERISTIC` (`ID_CATEGORY`, `ID_CHARACTERISTIC`) VALUES ('2', '9');
INSERT INTO `KIDFRIENDLY`.`CATEGORY_CHARACTERISTIC` (`ID_CATEGORY`, `ID_CHARACTERISTIC`) VALUES ('2', '10');
INSERT INTO `KIDFRIENDLY`.`CATEGORY_CHARACTERISTIC` (`ID_CATEGORY`, `ID_CHARACTERISTIC`) VALUES ('2', '29');
INSERT INTO `KIDFRIENDLY`.`CATEGORY_CHARACTERISTIC` (`ID_CATEGORY`, `ID_CHARACTERISTIC`) VALUES ('2', '30');
INSERT INTO `KIDFRIENDLY`.`CATEGORY_CHARACTERISTIC` (`ID_CATEGORY`, `ID_CHARACTERISTIC`) VALUES ('2', '12');
INSERT INTO `KIDFRIENDLY`.`CATEGORY_CHARACTERISTIC` (`ID_CATEGORY`, `ID_CHARACTERISTIC`) VALUES ('2', '11');
INSERT INTO `KIDFRIENDLY`.`CATEGORY_CHARACTERISTIC` (`ID_CATEGORY`, `ID_CHARACTERISTIC`) VALUES ('2', '31');
INSERT INTO `KIDFRIENDLY`.`CATEGORY_CHARACTERISTIC` (`ID_CATEGORY`, `ID_CHARACTERISTIC`) VALUES ('2', '32');
INSERT INTO `KIDFRIENDLY`.`CATEGORY_CHARACTERISTIC` (`ID_CATEGORY`, `ID_CHARACTERISTIC`) VALUES ('2', '13');
INSERT INTO `KIDFRIENDLY`.`CATEGORY_CHARACTERISTIC` (`ID_CATEGORY`, `ID_CHARACTERISTIC`) VALUES ('2', '33');
INSERT INTO `KIDFRIENDLY`.`CATEGORY_CHARACTERISTIC` (`ID_CATEGORY`, `ID_CHARACTERISTIC`) VALUES ('2', '14');
INSERT INTO `KIDFRIENDLY`.`CATEGORY_CHARACTERISTIC` (`ID_CATEGORY`, `ID_CHARACTERISTIC`) VALUES ('2', '15');
INSERT INTO `KIDFRIENDLY`.`CATEGORY_CHARACTERISTIC` (`ID_CATEGORY`, `ID_CHARACTERISTIC`) VALUES ('2', '16');
INSERT INTO `KIDFRIENDLY`.`CATEGORY_CHARACTERISTIC` (`ID_CATEGORY`, `ID_CHARACTERISTIC`) VALUES ('2', '17');
INSERT INTO `KIDFRIENDLY`.`CATEGORY_CHARACTERISTIC` (`ID_CATEGORY`, `ID_CHARACTERISTIC`) VALUES ('2', '18');
INSERT INTO `KIDFRIENDLY`.`CATEGORY_CHARACTERISTIC` (`ID_CATEGORY`, `ID_CHARACTERISTIC`) VALUES ('2', '34');
INSERT INTO `KIDFRIENDLY`.`CATEGORY_CHARACTERISTIC` (`ID_CATEGORY`, `ID_CHARACTERISTIC`) VALUES ('2', '35');
INSERT INTO `KIDFRIENDLY`.`CATEGORY_CHARACTERISTIC` (`ID_CATEGORY`, `ID_CHARACTERISTIC`) VALUES ('2', '36');
INSERT INTO `KIDFRIENDLY`.`CATEGORY_CHARACTERISTIC` (`ID_CATEGORY`, `ID_CHARACTERISTIC`) VALUES ('2', '37');
INSERT INTO `KIDFRIENDLY`.`CATEGORY_CHARACTERISTIC` (`ID_CATEGORY`, `ID_CHARACTERISTIC`) VALUES ('2', '38');
INSERT INTO `KIDFRIENDLY`.`CATEGORY_CHARACTERISTIC` (`ID_CATEGORY`, `ID_CHARACTERISTIC`) VALUES ('2', '22');
INSERT INTO `KIDFRIENDLY`.`CATEGORY_CHARACTERISTIC` (`ID_CATEGORY`, `ID_CHARACTERISTIC`) VALUES ('2', '39');
INSERT INTO `KIDFRIENDLY`.`CATEGORY_CHARACTERISTIC` (`ID_CATEGORY`, `ID_CHARACTERISTIC`) VALUES ('2', '40');
INSERT INTO `KIDFRIENDLY`.`CATEGORY_CHARACTERISTIC` (`ID_CATEGORY`, `ID_CHARACTERISTIC`) VALUES ('2', '41');
INSERT INTO `KIDFRIENDLY`.`CATEGORY_CHARACTERISTIC` (`ID_CATEGORY`, `ID_CHARACTERISTIC`) VALUES ('2', '42');
INSERT INTO `KIDFRIENDLY`.`CATEGORY_CHARACTERISTIC` (`ID_CATEGORY`, `ID_CHARACTERISTIC`) VALUES ('2', '25');
INSERT INTO `KIDFRIENDLY`.`CATEGORY_CHARACTERISTIC` (`ID_CATEGORY`, `ID_CHARACTERISTIC`) VALUES ('2', '43');
INSERT INTO `KIDFRIENDLY`.`CATEGORY_CHARACTERISTIC` (`ID_CATEGORY`, `ID_CHARACTERISTIC`) VALUES ('2', '27');
INSERT INTO `KIDFRIENDLY`.`CATEGORY_CHARACTERISTIC` (`ID_CATEGORY`, `ID_CHARACTERISTIC`) VALUES ('3', '1');
INSERT INTO `KIDFRIENDLY`.`CATEGORY_CHARACTERISTIC` (`ID_CATEGORY`, `ID_CHARACTERISTIC`) VALUES ('3', '28');
INSERT INTO `KIDFRIENDLY`.`CATEGORY_CHARACTERISTIC` (`ID_CATEGORY`, `ID_CHARACTERISTIC`) VALUES ('3', '2');
INSERT INTO `KIDFRIENDLY`.`CATEGORY_CHARACTERISTIC` (`ID_CATEGORY`, `ID_CHARACTERISTIC`) VALUES ('3', '3');
INSERT INTO `KIDFRIENDLY`.`CATEGORY_CHARACTERISTIC` (`ID_CATEGORY`, `ID_CHARACTERISTIC`) VALUES ('3', '4');
INSERT INTO `KIDFRIENDLY`.`CATEGORY_CHARACTERISTIC` (`ID_CATEGORY`, `ID_CHARACTERISTIC`) VALUES ('3', '5');
INSERT INTO `KIDFRIENDLY`.`CATEGORY_CHARACTERISTIC` (`ID_CATEGORY`, `ID_CHARACTERISTIC`) VALUES ('3', '6');
INSERT INTO `KIDFRIENDLY`.`CATEGORY_CHARACTERISTIC` (`ID_CATEGORY`, `ID_CHARACTERISTIC`) VALUES ('3', '7');
INSERT INTO `KIDFRIENDLY`.`CATEGORY_CHARACTERISTIC` (`ID_CATEGORY`, `ID_CHARACTERISTIC`) VALUES ('3', '8');
INSERT INTO `KIDFRIENDLY`.`CATEGORY_CHARACTERISTIC` (`ID_CATEGORY`, `ID_CHARACTERISTIC`) VALUES ('3', '9');
INSERT INTO `KIDFRIENDLY`.`CATEGORY_CHARACTERISTIC` (`ID_CATEGORY`, `ID_CHARACTERISTIC`) VALUES ('3', '10');
INSERT INTO `KIDFRIENDLY`.`CATEGORY_CHARACTERISTIC` (`ID_CATEGORY`, `ID_CHARACTERISTIC`) VALUES ('3', '12');
INSERT INTO `KIDFRIENDLY`.`CATEGORY_CHARACTERISTIC` (`ID_CATEGORY`, `ID_CHARACTERISTIC`) VALUES ('3', '11');
INSERT INTO `KIDFRIENDLY`.`CATEGORY_CHARACTERISTIC` (`ID_CATEGORY`, `ID_CHARACTERISTIC`) VALUES ('3', '31');
INSERT INTO `KIDFRIENDLY`.`CATEGORY_CHARACTERISTIC` (`ID_CATEGORY`, `ID_CHARACTERISTIC`) VALUES ('3', '32');
INSERT INTO `KIDFRIENDLY`.`CATEGORY_CHARACTERISTIC` (`ID_CATEGORY`, `ID_CHARACTERISTIC`) VALUES ('3', '13');
INSERT INTO `KIDFRIENDLY`.`CATEGORY_CHARACTERISTIC` (`ID_CATEGORY`, `ID_CHARACTERISTIC`) VALUES ('3', '33');
INSERT INTO `KIDFRIENDLY`.`CATEGORY_CHARACTERISTIC` (`ID_CATEGORY`, `ID_CHARACTERISTIC`) VALUES ('3', '14');
INSERT INTO `KIDFRIENDLY`.`CATEGORY_CHARACTERISTIC` (`ID_CATEGORY`, `ID_CHARACTERISTIC`) VALUES ('3', '15');
INSERT INTO `KIDFRIENDLY`.`CATEGORY_CHARACTERISTIC` (`ID_CATEGORY`, `ID_CHARACTERISTIC`) VALUES ('3', '16');
INSERT INTO `KIDFRIENDLY`.`CATEGORY_CHARACTERISTIC` (`ID_CATEGORY`, `ID_CHARACTERISTIC`) VALUES ('3', '17');
INSERT INTO `KIDFRIENDLY`.`CATEGORY_CHARACTERISTIC` (`ID_CATEGORY`, `ID_CHARACTERISTIC`) VALUES ('3', '18');
INSERT INTO `KIDFRIENDLY`.`CATEGORY_CHARACTERISTIC` (`ID_CATEGORY`, `ID_CHARACTERISTIC`) VALUES ('3', '34');
INSERT INTO `KIDFRIENDLY`.`CATEGORY_CHARACTERISTIC` (`ID_CATEGORY`, `ID_CHARACTERISTIC`) VALUES ('3', '36');
INSERT INTO `KIDFRIENDLY`.`CATEGORY_CHARACTERISTIC` (`ID_CATEGORY`, `ID_CHARACTERISTIC`) VALUES ('3', '22');
INSERT INTO `KIDFRIENDLY`.`CATEGORY_CHARACTERISTIC` (`ID_CATEGORY`, `ID_CHARACTERISTIC`) VALUES ('3', '25');
INSERT INTO `KIDFRIENDLY`.`CATEGORY_CHARACTERISTIC` (`ID_CATEGORY`, `ID_CHARACTERISTIC`) VALUES ('3', '27');
INSERT INTO `KIDFRIENDLY`.`STATUS_KIDFRIENDLY` (`ID_STATUS_KIDFRIENDLY`, `DES_STATUS_KIDFRIENDLY`) VALUES ('1', 'Nada');
INSERT INTO `KIDFRIENDLY`.`STATUS_KIDFRIENDLY` (`ID_STATUS_KIDFRIENDLY`, `DES_STATUS_KIDFRIENDLY`) VALUES ('2', 'Um pouco');
INSERT INTO `KIDFRIENDLY`.`STATUS_KIDFRIENDLY` (`ID_STATUS_KIDFRIENDLY`, `DES_STATUS_KIDFRIENDLY`) VALUES ('3', 'Normal');
INSERT INTO `KIDFRIENDLY`.`STATUS_KIDFRIENDLY` (`ID_STATUS_KIDFRIENDLY`, `DES_STATUS_KIDFRIENDLY`) VALUES ('4', 'Super');
INSERT INTO `KIDFRIENDLY`.`WEEK` (`ID_WEEK`, `DS_WEEK`) VALUES ('1', 'Domingo');
INSERT INTO `KIDFRIENDLY`.`WEEK` (`ID_WEEK`, `DS_WEEK`) VALUES ('2', 'Segunda-feira');
INSERT INTO `KIDFRIENDLY`.`WEEK` (`ID_WEEK`, `DS_WEEK`) VALUES ('3', 'Terça-feira');
INSERT INTO `KIDFRIENDLY`.`WEEK` (`ID_WEEK`, `DS_WEEK`) VALUES ('4', 'Quarta-feira');
INSERT INTO `KIDFRIENDLY`.`WEEK` (`ID_WEEK`, `DS_WEEK`) VALUES ('5', 'Quinta-feira');
INSERT INTO `KIDFRIENDLY`.`WEEK` (`ID_WEEK`, `DS_WEEK`) VALUES ('6', 'Sexta-feira');
INSERT INTO `KIDFRIENDLY`.`WEEK` (`ID_WEEK`, `DS_WEEK`) VALUES ('7', 'Sábado');
INSERT INTO KIDFRIENDLY.FOOD_TYPE (DS_FOOD_TYPE) VALUES ('Comida Italiana');
INSERT INTO KIDFRIENDLY.FOOD_TYPE (DS_FOOD_TYPE) VALUES ('Comida Mexicana');
INSERT INTO KIDFRIENDLY.FOOD_TYPE (DS_FOOD_TYPE) VALUES ('Pizzaria');
INSERT INTO KIDFRIENDLY.FOOD_TYPE (DS_FOOD_TYPE) VALUES ('Comida Indiana');
INSERT INTO KIDFRIENDLY.FOOD_TYPE (DS_FOOD_TYPE) VALUES ('Comida Chinesa');
INSERT INTO KIDFRIENDLY.FOOD_TYPE (DS_FOOD_TYPE) VALUES ('Comida Japonesa');
INSERT INTO KIDFRIENDLY.FOOD_TYPE (DS_FOOD_TYPE) VALUES ('Frutos do mar');
INSERT INTO KIDFRIENDLY.FOOD_TYPE (DS_FOOD_TYPE) VALUES ('Massas e Petiscos');
INSERT INTO KIDFRIENDLY.FOOD_TYPE (DS_FOOD_TYPE) VALUES ('Comida Nordestina');
INSERT INTO KIDFRIENDLY.FOOD_TYPE (DS_FOOD_TYPE) VALUES ('Típico Gaucho');
INSERT INTO KIDFRIENDLY.FOOD_TYPE (DS_FOOD_TYPE) VALUES ('Churrascaria');
INSERT INTO KIDFRIENDLY.FOOD_TYPE (DS_FOOD_TYPE) VALUES ('Espetinho');
INSERT INTO KIDFRIENDLY.FOOD_TYPE (DS_FOOD_TYPE) VALUES ('Comida Vegano');
INSERT INTO KIDFRIENDLY.FOOD_TYPE (DS_FOOD_TYPE) VALUES ('Comida Vegetariana');
INSERT INTO KIDFRIENDLY.FOOD_TYPE (DS_FOOD_TYPE) VALUES ('Doceria');
INSERT INTO KIDFRIENDLY.FOOD_TYPE (DS_FOOD_TYPE) VALUES ('Comida Tailandesa');
INSERT INTO KIDFRIENDLY.FOOD_TYPE (DS_FOOD_TYPE) VALUES ('Comida Vietnamita');
INSERT INTO KIDFRIENDLY.FOOD_TYPE (DS_FOOD_TYPE) VALUES ('Comida Grego');
INSERT INTO KIDFRIENDLY.FOOD_TYPE (DS_FOOD_TYPE) VALUES ('Hamburgueria');
INSERT INTO KIDFRIENDLY.FOOD_TYPE (DS_FOOD_TYPE) VALUES ('Comida Mineira');
INSERT INTO KIDFRIENDLY.FOOD_TYPE (DS_FOOD_TYPE) VALUES ('Comida Goiana');
INSERT INTO KIDFRIENDLY.FOOD_TYPE (DS_FOOD_TYPE) VALUES ('Pratos típicos brasileiros');
INSERT INTO KIDFRIENDLY.FOOD_TYPE (DS_FOOD_TYPE) VALUES ('Comida Portuguesa');
INSERT INTO KIDFRIENDLY.SCHEDULE (DS_SCHEDULE) VALUES ('00:00');
INSERT INTO KIDFRIENDLY.SCHEDULE (DS_SCHEDULE) VALUES ('01:00');
INSERT INTO KIDFRIENDLY.SCHEDULE (DS_SCHEDULE) VALUES ('02:00');
INSERT INTO KIDFRIENDLY.SCHEDULE (DS_SCHEDULE) VALUES ('03:00');
INSERT INTO KIDFRIENDLY.SCHEDULE (DS_SCHEDULE) VALUES ('04:00');
INSERT INTO KIDFRIENDLY.SCHEDULE (DS_SCHEDULE) VALUES ('05:00');
INSERT INTO KIDFRIENDLY.SCHEDULE (DS_SCHEDULE) VALUES ('06:00');
INSERT INTO KIDFRIENDLY.SCHEDULE (DS_SCHEDULE) VALUES ('07:00');
INSERT INTO KIDFRIENDLY.SCHEDULE (DS_SCHEDULE) VALUES ('08:00');
INSERT INTO KIDFRIENDLY.SCHEDULE (DS_SCHEDULE) VALUES ('09:00');
INSERT INTO KIDFRIENDLY.SCHEDULE (DS_SCHEDULE) VALUES ('10:00');
INSERT INTO KIDFRIENDLY.SCHEDULE (DS_SCHEDULE) VALUES ('11:00');
INSERT INTO KIDFRIENDLY.SCHEDULE (DS_SCHEDULE) VALUES ('12:00');
INSERT INTO KIDFRIENDLY.SCHEDULE (DS_SCHEDULE) VALUES ('13:00');
INSERT INTO KIDFRIENDLY.SCHEDULE (DS_SCHEDULE) VALUES ('14:00');
INSERT INTO KIDFRIENDLY.SCHEDULE (DS_SCHEDULE) VALUES ('15:00');
INSERT INTO KIDFRIENDLY.SCHEDULE (DS_SCHEDULE) VALUES ('16:00');
INSERT INTO KIDFRIENDLY.SCHEDULE (DS_SCHEDULE) VALUES ('17:00');
INSERT INTO KIDFRIENDLY.SCHEDULE (DS_SCHEDULE) VALUES ('18:00');
INSERT INTO KIDFRIENDLY.SCHEDULE (DS_SCHEDULE) VALUES ('19:00');
INSERT INTO KIDFRIENDLY.SCHEDULE (DS_SCHEDULE) VALUES ('20:00');
INSERT INTO KIDFRIENDLY.SCHEDULE (DS_SCHEDULE) VALUES ('21:00');
INSERT INTO KIDFRIENDLY.SCHEDULE (DS_SCHEDULE) VALUES ('22:00');
INSERT INTO KIDFRIENDLY.SCHEDULE (DS_SCHEDULE) VALUES ('23:00');
